{"cameraMode":{"drawMode":0,"name":"Shaded","section":"Shading Mode"},"sceneLighting":true,"audioPlay":false,"sceneViewState":{"m_AlwaysRefresh":false,"showFog":true,"showSkybox":false,"showFlares":true,"showImageEffects":true,"showParticleSystems":true,"showVisualEffectGraphs":true,"m_FxEnabled":true},"in2DMode":false,"pivot":{"x":0.05801647529006004,"y":0.46926677227020266,"z":-0.039229393005371097},"rotation":{"x":-0.017796369269490243,"y":-0.03738825395703316,"z":0.0006680174265056849,"w":-0.9991521835327148},"size":0.7199462056159973,"orthographic":true}