{"cameraMode":{"drawMode":0,"name":"Shaded","section":"Shading Mode"},"sceneLighting":true,"audioPlay":false,"sceneViewState":{"m_AlwaysRefresh":false,"showFog":true,"showSkybox":false,"showFlares":true,"showImageEffects":true,"showParticleSystems":true,"showVisualEffectGraphs":true,"m_FxEnabled":true},"in2DMode":false,"pivot":{"x":-0.057029277086257938,"y":0.4946556091308594,"z":-0.038849830627441409},"rotation":{"x":0.01818948984146118,"y":-0.0029020884539932014,"z":-0.000052774237701669335,"w":-0.9998373985290527},"size":0.7199462056159973,"orthographic":true}