{"cameraMode":{"drawMode":0,"name":"Shaded","section":"Shading Mode"},"sceneLighting":true,"audioPlay":false,"sceneViewState":{"m_AlwaysRefresh":false,"showFog":true,"showSkybox":true,"showFlares":true,"showImageEffects":true,"showParticleSystems":true,"showVisualEffectGraphs":true,"m_FxEnabled":true},"in2DMode":false,"pivot":{"x":0.008189242333173752,"y":-0.26338329911231997,"z":0.38297605514526369},"rotation":{"x":-0.02678917720913887,"y":0.036578498780727389,"z":-0.0009891929803416134,"w":-0.9990143775939941},"size":5.836478233337402,"orthographic":true}