{"cameraMode":{"drawMode":0,"name":"Shaded","section":"Shading Mode"},"sceneLighting":true,"audioPlay":false,"sceneViewState":{"m_AlwaysRefresh":false,"showFog":true,"showSkybox":true,"showFlares":true,"showImageEffects":true,"showParticleSystems":true,"showVisualEffectGraphs":true,"m_FxEnabled":true},"in2DMode":false,"pivot":{"x":0.006588142365217209,"y":0.2091740071773529,"z":0.44102048873901369},"rotation":{"x":-0.055282898247241977,"y":0.005090393591672182,"z":-0.0002902878914028406,"w":-0.9985007643699646},"size":5.836478233337402,"orthographic":true}